[
    {
        "url": "google.com",
        "author": 1
    },
    {
        "url": "google.com",
        "author": 2
    },
    {
        "url": "google.com",
        "author": 1
    },
    {
        "url": "google.com",
        "author": 3
    },
    {
        "url": "google.com",
        "author": 2
    },
    {
        "url": "google.com",
        "author": 1
    },
    {
        "url": "google.com",
        "author": 3
    },
    {
        "url": "google.com",
        "author": 2
    },
    {
        "url": "google.com",
        "author": 1
    },
    {
        "url": "google.com",
        "author": 2
    },
    {
        "url": "google.com",
        "author": 1
    }
]